-- =========================================
-- ReviewPilot 初始化数据
-- H2 数据库 MySQL 模式
-- =========================================

-- 密码都是 "123456"，使用 BCrypt 加密
-- BCrypt hash for "123456": $2b$10$suuVlIIyfyAsF2hS6GTEIOn1RsxaZLUDUkzP8STICny4n2fs1UIq.
INSERT INTO account (id, username, password, role) VALUES
(1, 'admin', '$2b$10$suuVlIIyfyAsF2hS6GTEIOn1RsxaZLUDUkzP8STICny4n2fs1UIq.', 'ADMIN'),
(2, '胡久鸣', '$2b$10$suuVlIIyfyAsF2hS6GTEIOn1RsxaZLUDUkzP8STICny4n2fs1UIq.', 'USER'),
(3, '蔡烨培', '$2b$10$suuVlIIyfyAsF2hS6GTEIOn1RsxaZLUDUkzP8STICny4n2fs1UIq.', 'USER'),
(4, '吴迪', '$2b$10$suuVlIIyfyAsF2hS6GTEIOn1RsxaZLUDUkzP8STICny4n2fs1UIq.', 'USER'),
(5, '居远谋', '$2b$10$suuVlIIyfyAsF2hS6GTEIOn1RsxaZLUDUkzP8STICny4n2fs1UIq.', 'USER'),
(6, '钟定博', '$2b$10$suuVlIIyfyAsF2hS6GTEIOn1RsxaZLUDUkzP8STICny4n2fs1UIq.', 'USER'),
(7, '杨舒文', '$2b$10$suuVlIIyfyAsF2hS6GTEIOn1RsxaZLUDUkzP8STICny4n2fs1UIq.', 'USER'),
(8, '谢宇成', '$2b$10$suuVlIIyfyAsF2hS6GTEIOn1RsxaZLUDUkzP8STICny4n2fs1UIq.', 'USER');

-- 插入示例课程
INSERT INTO course (id, title, description, level, author_id, created_at) VALUES
(1, 'Java 编程基础', '学习 Java 语言的基础语法、面向对象编程和常用 API', 'BEGINNER', 1, '2024-01-15 10:00:00'),
(2, 'Spring Boot 实战', '深入理解 Spring Boot 框架，学习构建 RESTful API 和微服务', 'INTERMEDIATE', 1, '2024-01-20 14:30:00'),
(3, '数据结构与算法', '掌握常见数据结构和算法，提升编程能力', 'INTERMEDIATE', 1, '2024-02-01 09:00:00'),
(4, 'React 前端开发', '学习 React 框架，构建现代化的单页应用', 'INTERMEDIATE', 1, '2024-02-10 11:00:00'),
(5, '数据库设计与优化', '学习数据库设计原则和性能优化技巧', 'ADVANCED', 1, '2024-02-15 16:00:00'),
(6, '操作系统原理', '深入理解操作系统的基本概念、进程管理、内存管理和文件系统', 'ADVANCED', 1, '2024-02-20 10:00:00'),
(7, '计算机网络', '学习TCP/IP协议栈、HTTP协议、网络安全等核心知识', 'INTERMEDIATE', 1, '2024-02-25 14:00:00'),
(8, '计算机组成原理', '理解计算机硬件系统、CPU结构、存储系统和指令系统', 'ADVANCED', 1, '2024-03-01 09:00:00');

-- 插入课程标签
INSERT INTO course_tags (course_id, tag) VALUES
(1, 'Java'),
(1, '编程基础'),
(1, '面向对象'),
(2, 'Spring Boot'),
(2, '后端开发'),
(2, 'RESTful API'),
(3, '算法'),
(3, '数据结构'),
(3, '编程'),
(4, 'React'),
(4, '前端开发'),
(4, 'JavaScript'),
(5, '数据库'),
(5, 'MySQL'),
(5, '性能优化'),
(6, '操作系统'),
(6, '进程管理'),
(6, '内存管理'),
(7, '计算机网络'),
(7, 'TCP/IP'),
(7, 'HTTP'),
(8, '计算机组成'),
(8, 'CPU'),
(8, '存储系统');

-- 插入知识图谱节点（示例课程1：Java 编程基础）
INSERT INTO graph (course_id, nodes, relations) VALUES
(1, 
'[{"id":"n1","label":"Java基础","type":"concept","description":"Java语言的基本概念"},{"id":"n2","label":"变量与数据类型","type":"topic","description":"学习Java中的变量声明和基本数据类型"},{"id":"n3","label":"控制结构","type":"topic","description":"if-else、循环等控制语句"},{"id":"n4","label":"面向对象","type":"concept","description":"类、对象、继承、多态等概念"},{"id":"n5","label":"异常处理","type":"topic","description":"try-catch、异常类型"}]',
'[{"id":"r1","from":"n1","to":"n2","type":"part_of","directed":true,"weight":0.8},{"id":"r2","from":"n1","to":"n3","type":"part_of","directed":true,"weight":0.8},{"id":"r3","from":"n1","to":"n4","type":"prerequisite","directed":true,"weight":0.9},{"id":"r4","from":"n2","to":"n3","type":"related","directed":false,"weight":0.6},{"id":"r5","from":"n4","to":"n5","type":"related","directed":false,"weight":0.7}]'
);

-- 插入示例笔记
INSERT INTO note (id, course_id, title, content, summary, author_id, visibility, created_at, updated_at) VALUES
('note1', 1, 'Java 变量类型总结', 'Java中有8种基本数据类型：\n- byte: 8位，范围 -128 到 127\n- short: 16位，范围 -32768 到 32767\n- int: 32位，范围 -2^31 到 2^31-1\n- long: 64位，范围 -2^63 到 2^63-1\n- float: 32位浮点，单精度\n- double: 64位浮点，双精度\n- char: 16位Unicode字符\n- boolean: 布尔值，true或false', 'Java基本数据类型包括8种：byte、short、int、long、float、double、char、boolean，每种类型都有不同的位数和取值范围。', 2, 'public', '2024-01-16 10:00:00', '2024-01-16 10:00:00'),
('note2', 1, '面向对象三大特性', '1. **封装**：隐藏实现细节，通过访问修饰符控制可见性\n2. **继承**：代码复用，子类继承父类的属性和方法\n3. **多态**：同一接口不同实现，包括方法重载和重写', '面向对象编程的三大核心特性：封装、继承和多态，是Java编程的基础概念。', 2, 'public', '2024-01-17 14:00:00', '2024-01-17 14:00:00'),
('note3', 2, 'Spring Boot 配置要点', '## 配置文件优先级\n1. application.properties\n2. application.yml\n3. 环境变量\n4. 命令行参数\n\n## 常用配置\n- server.port: 服务器端口\n- spring.datasource.url: 数据库连接\n- logging.level: 日志级别', 'Spring Boot配置文件的使用方法和常见配置项说明，包括配置文件优先级和常用配置项。', 2, 'private', '2024-01-21 09:00:00', '2024-01-21 09:00:00'),
('note4', 3, '栈和队列的区别', '## 栈（Stack）\n- 后进先出（LIFO）\n- 只能在栈顶进行插入和删除操作\n- 主要操作：push（入栈）、pop（出栈）\n- 应用：表达式求值、函数调用、括号匹配\n\n## 队列（Queue）\n- 先进先出（FIFO）\n- 在队尾插入，队头删除\n- 主要操作：enqueue（入队）、dequeue（出队）\n- 应用：任务调度、消息队列', '栈和队列是两种重要的线性数据结构，栈遵循LIFO原则，队列遵循FIFO原则，各有不同的应用场景。', 2, 'public', '2024-02-02 10:00:00', '2024-02-02 10:00:00'),
('note5', 3, '常见排序算法复杂度', '## 时间复杂度\n- **冒泡排序**：O(n²)\n- **选择排序**：O(n²)\n- **插入排序**：O(n²)\n- **快速排序**：平均O(nlogn)，最坏O(n²)\n- **归并排序**：O(nlogn)\n- **堆排序**：O(nlogn)\n\n## 空间复杂度\n- 快速排序：O(logn)\n- 归并排序：O(n)\n- 其他：O(1)', '常见排序算法的时间复杂度和空间复杂度对比，快速排序和归并排序是效率较高的排序算法。', 2, 'public', '2024-02-03 14:00:00', '2024-02-03 14:00:00'),
('note6', 3, '二叉树遍历方法', '## 三种遍历方式\n1. **前序遍历**：根-左-右\n2. **中序遍历**：左-根-右（对BST得到有序序列）\n3. **后序遍历**：左-右-根\n\n## 实现方式\n- 递归实现：代码简洁，但可能栈溢出\n- 迭代实现：使用栈模拟递归过程', '二叉树的三种遍历方式：前序、中序、后序，可以通过递归或迭代方式实现。', 2, 'public', '2024-02-04 11:00:00', '2024-02-04 11:00:00'),
('note7', 5, 'SQL事务ACID特性', '## ACID特性\n- **原子性（Atomicity）**：事务要么全部执行，要么全部不执行\n- **一致性（Consistency）**：事务执行前后数据库保持一致状态\n- **隔离性（Isolation）**：并发事务之间相互隔离\n- **持久性（Durability）**：事务提交后数据永久保存\n\n## 隔离级别\n- READ UNCOMMITTED\n- READ COMMITTED\n- REPEATABLE READ\n- SERIALIZABLE', 'SQL事务的ACID特性是数据库事务管理的基础，确保数据的一致性和可靠性。', 2, 'public', '2024-02-16 09:00:00', '2024-02-16 09:00:00'),
('note8', 5, '数据库索引优化', '## 索引类型\n- **B+树索引**：最常用，适合范围查询\n- **哈希索引**：等值查询快，不支持范围查询\n- **全文索引**：用于文本搜索\n\n## 索引优化原则\n1. 为经常查询的列创建索引\n2. 避免在小表上创建过多索引\n3. 复合索引遵循最左前缀原则\n4. 定期分析索引使用情况', '数据库索引是提高查询性能的重要手段，需要根据查询模式合理设计索引。', 2, 'public', '2024-02-17 15:00:00', '2024-02-17 15:00:00'),
('note9', 6, '进程与线程的区别', '## 进程（Process）\n- 资源分配的基本单位\n- 拥有独立的地址空间\n- 进程间通信需要特殊机制（IPC）\n- 创建和切换开销大\n\n## 线程（Thread）\n- CPU调度的基本单位\n- 共享进程的地址空间\n- 线程间通信简单（共享内存）\n- 创建和切换开销小\n\n## 关系\n- 一个进程可以包含多个线程\n- 线程是轻量级的进程', '进程和线程是操作系统中的重要概念，进程是资源分配单位，线程是CPU调度单位，各有特点。', 2, 'public', '2024-02-21 10:00:00', '2024-02-21 10:00:00'),
('note10', 6, '死锁产生的条件', '## 死锁产生的四个必要条件\n1. **互斥条件**：资源不能被多个进程同时使用\n2. **请求与保持**：进程持有资源的同时请求新资源\n3. **不可剥夺**：已分配的资源不能被强制释放\n4. **循环等待**：存在进程资源的循环等待链\n\n## 死锁预防\n- 破坏四个必要条件之一\n- 使用银行家算法避免死锁', '死锁是操作系统中的经典问题，需要理解死锁产生的四个必要条件以及预防方法。', 2, 'public', '2024-02-22 14:00:00', '2024-02-22 14:00:00'),
('note11', 7, 'TCP与UDP的区别', '## TCP（传输控制协议）\n- 面向连接，需要三次握手\n- 可靠传输，保证数据顺序\n- 流量控制和拥塞控制\n- 开销大，速度相对慢\n- 适用于：HTTP、FTP、SMTP\n\n## UDP（用户数据报协议）\n- 无连接，直接发送\n- 不可靠传输，不保证顺序\n- 无流量控制\n- 开销小，速度快\n- 适用于：DNS、视频流、在线游戏', 'TCP和UDP是传输层的两种主要协议，TCP可靠但开销大，UDP快速但不可靠，各有适用场景。', 2, 'public', '2024-02-26 09:00:00', '2024-02-26 09:00:00'),
('note12', 7, 'HTTP状态码总结', '## 2xx 成功\n- 200 OK：请求成功\n- 201 Created：资源创建成功\n- 204 No Content：无内容返回\n\n## 3xx 重定向\n- 301 Moved Permanently：永久重定向\n- 302 Found：临时重定向\n- 304 Not Modified：资源未修改\n\n## 4xx 客户端错误\n- 400 Bad Request：请求错误\n- 401 Unauthorized：未授权\n- 403 Forbidden：禁止访问\n- 404 Not Found：资源不存在\n\n## 5xx 服务器错误\n- 500 Internal Server Error：服务器内部错误\n- 502 Bad Gateway：网关错误\n- 503 Service Unavailable：服务不可用', 'HTTP状态码用于表示请求的处理结果，分为成功、重定向、客户端错误和服务器错误四大类。', 2, 'public', '2024-02-27 11:00:00', '2024-02-27 11:00:00'),
('note13', 8, 'CPU缓存层次结构', '## 三级缓存\n- **L1缓存**：最快，容量最小（KB级），分为指令缓存和数据缓存\n- **L2缓存**：速度中等，容量中等（MB级）\n- **L3缓存**：速度较慢，容量较大（MB到GB级）\n\n## 缓存一致性\n- 多核CPU需要保证缓存一致性\n- 使用MESI协议维护缓存一致性\n- 写回和写直达两种策略', 'CPU缓存采用多级层次结构，L1最快最小，L3最慢最大，多核系统需要维护缓存一致性。', 2, 'public', '2024-03-02 10:00:00', '2024-03-02 10:00:00'),
('note14', 1, 'Java集合框架详解', '## Collection接口\n- **List**：有序、可重复\n  - ArrayList：动态数组，随机访问快\n  - LinkedList：双向链表，插入删除快\n- **Set**：无序、不可重复\n  - HashSet：哈希表实现\n  - TreeSet：红黑树实现，有序\n\n## Map接口\n- HashMap：键值对，无序\n- TreeMap：有序，基于红黑树\n- LinkedHashMap：保持插入顺序', 'Java集合框架提供了丰富的数据结构，包括List、Set和Map等，每种都有不同的实现和适用场景。', 3, 'public', '2024-01-23 10:00:00', '2024-01-23 10:00:00'),
('note15', 1, 'Java异常处理机制', '## 异常层次结构\n- Throwable\n  - Error：系统错误，不应捕获\n  - Exception\n    - RuntimeException：非受检异常\n    - 其他：受检异常\n\n## 异常处理\n- try-catch-finally：捕获异常\n- throw：抛出异常\n- throws：声明可能抛出的异常\n\n## 最佳实践\n- 使用具体的异常类型\n- 不要忽略异常\n- 在finally中释放资源', 'Java异常处理机制包括异常类层次结构和处理方式，需要理解受检异常和非受检异常的区别。', 3, 'public', '2024-01-24 14:00:00', '2024-01-24 14:00:00'),
('note16', 2, 'Spring Boot依赖注入', '## 依赖注入方式\n1. **构造函数注入**（推荐）\n   - 强制依赖，不可变\n   - 便于测试\n2. **字段注入**\n   - 简单但不推荐\n   - 难以测试\n3. **Setter注入**\n   - 可选依赖\n\n## 注解\n- @Autowired：自动装配\n- @Qualifier：指定Bean名称\n- @Primary：设置首选Bean', 'Spring Boot依赖注入有多种方式，构造函数注入是推荐的最佳实践，能够提高代码的可测试性和可维护性。', 4, 'public', '2024-01-26 09:00:00', '2024-01-26 09:00:00'),
('note17', 2, 'Spring Boot拦截器与过滤器', '## 拦截器（Interceptor）\n- 基于反射机制\n- 可以访问Spring容器中的Bean\n- 作用于Controller层\n- 实现HandlerInterceptor接口\n\n## 过滤器（Filter）\n- 基于Servlet规范\n- 在请求到达Servlet前执行\n- 不能访问Spring容器\n- 实现Filter接口\n\n## 区别\n- 拦截器更灵活，可以访问Spring上下文\n- 过滤器执行更早，适合日志、编码等通用处理', '拦截器和过滤器都可以用于请求处理，但拦截器基于Spring，过滤器基于Servlet，各有适用场景。', 4, 'public', '2024-01-27 15:00:00', '2024-01-27 15:00:00'),
('note18', 3, '图的表示与遍历', '## 图的表示\n- **邻接矩阵**：适合稠密图\n  - 空间复杂度O(V²)\n  - 查询边O(1)\n- **邻接表**：适合稀疏图\n  - 空间复杂度O(V+E)\n  - 查询边O(V)\n\n## 遍历算法\n- **深度优先搜索（DFS）**\n  - 使用栈或递归\n  - 适合寻找路径、连通性\n- **广度优先搜索（BFS）**\n  - 使用队列\n  - 适合最短路径、层序遍历', '图可以用邻接矩阵或邻接表表示，DFS和BFS是两种基本的图遍历算法，各有不同的应用场景。', 4, 'public', '2024-02-10 10:00:00', '2024-02-10 10:00:00'),
('note19', 3, '动态规划核心思想', '## 核心概念\n- **最优子结构**：问题的最优解包含子问题的最优解\n- **重叠子问题**：递归过程中重复计算相同子问题\n\n## 解题步骤\n1. 定义状态\n2. 找出状态转移方程\n3. 确定初始条件\n4. 计算顺序\n\n## 经典问题\n- 斐波那契数列\n- 背包问题\n- 最长公共子序列\n- 编辑距离', '动态规划通过保存子问题的解避免重复计算，关键在于找到最优子结构和状态转移方程。', 5, 'public', '2024-02-11 14:00:00', '2024-02-11 14:00:00'),
('note20', 4, 'React生命周期详解', '## 类组件生命周期\n1. **挂载阶段**\n   - constructor\n   - componentDidMount\n2. **更新阶段**\n   - componentDidUpdate\n   - shouldComponentUpdate\n3. **卸载阶段**\n   - componentWillUnmount\n\n## Hooks替代\n- useEffect：替代componentDidMount/Update/Unmount\n- useMemo：替代shouldComponentUpdate\n- useState：替代this.state', 'React类组件有完整的生命周期钩子，函数组件通过Hooks可以实现类似的功能，代码更简洁。', 5, 'public', '2024-02-15 09:00:00', '2024-02-15 09:00:00'),
('note21', 4, 'React性能优化技巧', '## 优化方法\n1. **React.memo**：函数组件浅比较\n2. **useMemo**：缓存计算结果\n3. **useCallback**：缓存函数引用\n4. **代码分割**：React.lazy和Suspense\n5. **虚拟滚动**：长列表优化\n6. **避免内联对象和函数**\n\n## 性能监控\n- React DevTools Profiler\n- 识别不必要的重渲染\n- 分析组件渲染时间', 'React性能优化需要从多个角度考虑，包括组件渲染、状态管理、代码分割等，使用工具分析是关键。', 6, 'public', '2024-02-16 11:00:00', '2024-02-16 11:00:00'),
('note22', 5, 'SQL JOIN类型详解', '## JOIN类型\n- **INNER JOIN**：内连接，只返回匹配的行\n- **LEFT JOIN**：左连接，返回左表所有行\n- **RIGHT JOIN**：右连接，返回右表所有行\n- **FULL OUTER JOIN**：全外连接，返回所有行\n\n## 使用场景\n- INNER JOIN：需要两表都有匹配\n- LEFT JOIN：需要左表全部数据\n- RIGHT JOIN：需要右表全部数据\n- CROSS JOIN：笛卡尔积，很少使用', 'SQL JOIN是关联多个表的重要操作，不同的JOIN类型适用于不同的查询需求。', 6, 'public', '2024-02-22 10:00:00', '2024-02-22 10:00:00'),
('note23', 5, '数据库查询优化策略', '## 优化方法\n1. **索引优化**\n   - 为WHERE和JOIN列创建索引\n   - 使用复合索引\n   - 避免过多索引\n2. **查询优化**\n   - 避免SELECT *\n   - 使用LIMIT限制结果\n   - 避免子查询\n3. **表结构优化**\n   - 规范化设计\n   - 适当反规范化\n   - 分表分库', '数据库查询优化需要从索引、查询语句、表结构等多个方面综合考虑，平衡查询性能和存储成本。', 7, 'public', '2024-02-23 14:00:00', '2024-02-23 14:00:00'),
('note24', 6, '进程调度算法比较', '## 常见调度算法\n- **FCFS（先来先服务）**\n  - 简单但可能导致长作业等待\n- **SJF（最短作业优先）**\n  - 平均等待时间短，但可能饥饿\n- **优先级调度**\n  - 灵活但可能低优先级饥饿\n- **时间片轮转（RR）**\n  - 公平但可能频繁切换\n\n## 算法选择\n- 批处理：SJF或优先级\n- 交互式：RR或多级反馈队列', '不同的进程调度算法适用于不同的场景，需要根据系统类型和需求选择合适的算法。', 7, 'public', '2024-02-27 10:00:00', '2024-02-27 10:00:00'),
('note25', 6, '虚拟内存实现原理', '## 基本概念\n- 虚拟地址空间：每个进程独立\n- 物理地址空间：实际内存\n- 地址转换：通过页表实现\n\n## 页表结构\n- 页号：虚拟地址的一部分\n- 帧号：物理地址的一部分\n- 有效位：页面是否在内存中\n\n## 页面置换\n- 当内存不足时，将页面换出到磁盘\n- 常用算法：FIFO、LRU、OPT', '虚拟内存通过页表和地址转换机制，为每个进程提供独立的地址空间，提高了内存利用率和进程隔离性。', 8, 'public', '2024-02-28 14:00:00', '2024-02-28 14:00:00'),
('note26', 7, 'TCP可靠传输机制', '## 保证可靠性的机制\n1. **确认应答（ACK）**\n   - 接收方确认收到数据\n2. **超时重传**\n   - 未收到ACK时重传\n3. **序号和确认号**\n   - 保证数据有序\n4. **滑动窗口**\n   - 流量控制\n5. **拥塞控制**\n   - 慢启动、拥塞避免\n\n## 三次握手和四次挥手\n- 三次握手：建立连接\n- 四次挥手：关闭连接', 'TCP通过多种机制保证数据传输的可靠性，包括确认应答、超时重传、流量控制和拥塞控制等。', 8, 'public', '2024-03-03 10:00:00', '2024-03-03 10:00:00'),
('note27', 7, 'HTTP/2新特性', '## 主要改进\n1. **多路复用**\n   - 一个连接处理多个请求\n   - 解决HTTP/1.1的队头阻塞\n2. **头部压缩**\n   - HPACK算法压缩头部\n   - 减少传输数据量\n3. **服务器推送**\n   - 服务器主动推送资源\n   - 减少往返次数\n4. **二进制分帧**\n   - 提高解析效率\n   - 更好的错误处理', 'HTTP/2通过多路复用、头部压缩、服务器推送等特性，大幅提升了Web性能，解决了HTTP/1.1的局限性。', 3, 'public', '2024-03-04 14:00:00', '2024-03-04 14:00:00'),
('note28', 8, '指令流水线优化', '## 流水线技术\n- 将指令执行分为多个阶段\n- 多个指令可以同时在不同阶段执行\n- 提高CPU利用率\n\n## 流水线冒险\n- **数据冒险**：数据依赖\n  - 解决方法：数据前推、流水线停顿\n- **控制冒险**：分支跳转\n  - 解决方法：分支预测、延迟槽\n- **结构冒险**：资源冲突\n  - 解决方法：资源复制、流水线停顿\n\n## 性能提升\n- 理想情况下，n级流水线可以提升n倍性能\n- 实际受冒险影响，提升有限', '指令流水线通过并行执行指令的不同阶段提高性能，但需要解决数据、控制和结构三种冒险问题。', 4, 'public', '2024-03-06 10:00:00', '2024-03-06 10:00:00');

-- 插入示例测验
-- 注意：JSON 字符串需要正确转义，每个题目需要唯一的 id
-- 题目类型：single(单选题), multiple(多选题), truefalse(判断题)
-- 每门课程至少两份测试，每份测试围绕一个主题

-- 课程1: Java 编程基础
INSERT INTO quiz (id, course_id, title, questions, author_id, created_at, updated_at) VALUES
('quiz1', 1, 'Java 数据类型与变量', 
'[{"id":"quiz1-q1","type":"single","question":"Java中哪个基本数据类型占用4个字节？","options":["byte","short","int","long"],"answer":[2]},{"id":"quiz1-q2","type":"multiple","question":"以下哪些是Java的基本数据类型？","options":["String","int","boolean","Object"],"answer":[1,2]},{"id":"quiz1-q3","type":"single","question":"Java中char类型占用几个字节？","options":["1","2","4","8"],"answer":[1]},{"id":"quiz1-q4","type":"truefalse","question":"Java中boolean类型只有true和false两个值","options":["正确","错误"],"answer":[0]},{"id":"quiz1-q5","type":"single","question":"Java中浮点数默认类型是什么？","options":["float","double","BigDecimal","不确定"],"answer":[1]}]',
1, '2024-01-18 10:00:00', '2024-01-18 10:00:00'),
('quiz1-2', 1, 'Java 面向对象编程',
'[{"id":"quiz1-2-q1","type":"single","question":"Java中哪个关键字用于实现继承？","options":["extends","implements","super","this"],"answer":[0]},{"id":"quiz1-2-q2","type":"truefalse","question":"Java支持多重继承","options":["正确","错误"],"answer":[1]},{"id":"quiz1-2-q3","type":"multiple","question":"面向对象编程的三大特性包括哪些？","options":["封装","继承","多态","抽象"],"answer":[0,1,2]},{"id":"quiz1-2-q4","type":"single","question":"Java中哪个关键字用于调用父类的方法？","options":["this","super","extends","implements"],"answer":[1]},{"id":"quiz1-2-q5","type":"truefalse","question":"Java是一种纯面向对象的编程语言","options":["正确","错误"],"answer":[1]}]',
1, '2024-01-19 14:00:00', '2024-01-19 14:00:00'),
('quiz1-3', 1, 'Java 控制结构与异常处理',
'[{"id":"quiz1-3-q1","type":"single","question":"Java中for循环的语法结构是什么？","options":["for(初始化;条件;更新)","for(条件;初始化;更新)","for(更新;条件;初始化)","for(初始化;更新;条件)"],"answer":[0]},{"id":"quiz1-3-q2","type":"multiple","question":"以下哪些是Java的循环语句？","options":["for","while","do-while","foreach"],"answer":[0,1,2]},{"id":"quiz1-3-q3","type":"single","question":"Java异常处理中，哪个关键字用于捕获异常？","options":["try","catch","finally","throw"],"answer":[1]},{"id":"quiz1-3-q4","type":"truefalse","question":"finally块中的代码总是会执行","options":["正确","错误"],"answer":[0]},{"id":"quiz1-3-q5","type":"single","question":"RuntimeException属于什么类型的异常？","options":["受检异常","非受检异常","编译错误","运行时错误"],"answer":[1]}]',
1, '2024-01-22 10:00:00', '2024-01-22 10:00:00'),

-- 课程2: Spring Boot 实战
('quiz2', 2, 'Spring Boot 基础配置',
'[{"id":"quiz2-q1","type":"single","question":"Spring Boot的默认端口是多少？","options":["8080","3000","5000","7000"],"answer":[0]},{"id":"quiz2-q2","type":"truefalse","question":"Spring Boot可以自动配置应用程序","options":["正确","错误"],"answer":[0]},{"id":"quiz2-q3","type":"single","question":"Spring Boot中哪个注解用于启动类？","options":["@SpringBootApplication","@EnableAutoConfiguration","@ComponentScan","@Configuration"],"answer":[0]},{"id":"quiz2-q4","type":"multiple","question":"Spring Boot的配置文件格式包括哪些？","options":["application.properties","application.yml","application.json","application.xml"],"answer":[0,1]}]',
1, '2024-01-22 15:00:00', '2024-01-22 15:00:00'),
('quiz2-2', 2, 'Spring Boot RESTful API',
'[{"id":"quiz2-2-q1","type":"single","question":"RESTful API中，GET请求通常用于什么操作？","options":["创建资源","查询资源","更新资源","删除资源"],"answer":[1]},{"id":"quiz2-2-q2","type":"single","question":"Spring Boot中哪个注解用于定义REST控制器？","options":["@Controller","@RestController","@Service","@Repository"],"answer":[1]},{"id":"quiz2-2-q3","type":"multiple","question":"HTTP状态码2xx表示什么？","options":["成功","重定向","客户端错误","服务器错误"],"answer":[0]},{"id":"quiz2-2-q4","type":"truefalse","question":"RESTful API应该使用名词而不是动词来命名资源","options":["正确","错误"],"answer":[0]}]',
1, '2024-01-23 10:00:00', '2024-01-23 10:00:00'),
('quiz2-3', 2, 'Spring Boot 数据访问',
'[{"id":"quiz2-3-q1","type":"single","question":"Spring Data JPA中，哪个接口提供了基本的CRUD操作？","options":["JpaRepository","CrudRepository","PagingAndSortingRepository","Repository"],"answer":[0]},{"id":"quiz2-3-q2","type":"multiple","question":"Spring Boot中常用的数据访问技术包括哪些？","options":["JPA","MyBatis","JDBC","Hibernate"],"answer":[0,1,2,3]},{"id":"quiz2-3-q3","type":"truefalse","question":"@Entity注解用于标识实体类","options":["正确","错误"],"answer":[0]},{"id":"quiz2-3-q4","type":"single","question":"Spring Boot中配置数据源的主要配置文件是什么？","options":["application.properties","pom.xml","application.yml","spring.xml"],"answer":[0]}]',
1, '2024-01-25 10:00:00', '2024-01-25 10:00:00'),

-- 课程3: 数据结构与算法
('quiz3', 3, '线性数据结构',
'[{"id":"quiz3-q1","type":"single","question":"栈的数据结构特点是什么？","options":["先进先出","后进先出","随机存取","双向存取"],"answer":[1]},{"id":"quiz3-q2","type":"single","question":"队列的数据结构特点是什么？","options":["先进先出","后进先出","随机存取","双向存取"],"answer":[0]},{"id":"quiz3-q3","type":"multiple","question":"以下哪些是线性数据结构？","options":["数组","链表","栈","树"],"answer":[0,1,2]},{"id":"quiz3-q4","type":"truefalse","question":"链表在内存中必须是连续存储的","options":["正确","错误"],"answer":[1]}]',
1, '2024-02-05 10:00:00', '2024-02-05 10:00:00'),
('quiz4', 3, '排序与查找算法',
'[{"id":"quiz4-q1","type":"single","question":"二分查找算法的时间复杂度是多少？","options":["O(1)","O(n)","O(logn)","O(n²)"],"answer":[2]},{"id":"quiz4-q2","type":"single","question":"下列哪种排序算法的时间复杂度是O(nlogn)？","options":["冒泡排序","选择排序","快速排序","插入排序"],"answer":[2]},{"id":"quiz4-q3","type":"multiple","question":"以下哪些算法的时间复杂度是O(n²)？","options":["冒泡排序","快速排序（最坏情况）","归并排序","选择排序"],"answer":[0,1,3]},{"id":"quiz4-q4","type":"single","question":"哈希表查找的平均时间复杂度是多少？","options":["O(1)","O(n)","O(logn)","O(n²)"],"answer":[0]},{"id":"quiz4-q5","type":"truefalse","question":"快速排序是稳定的排序算法","options":["正确","错误"],"answer":[1]}]',
1, '2024-02-06 14:00:00', '2024-02-06 14:00:00'),
('quiz3-3', 3, '树与图结构',
'[{"id":"quiz3-3-q1","type":"single","question":"二叉树中，节点的最大度数是多少？","options":["1","2","3","无限"],"answer":[1]},{"id":"quiz3-3-q2","type":"multiple","question":"以下哪些是树的遍历方式？","options":["前序遍历","中序遍历","后序遍历","层序遍历"],"answer":[0,1,2,3]},{"id":"quiz3-3-q3","type":"single","question":"二叉搜索树中，中序遍历得到什么序列？","options":["无序序列","有序序列","随机序列","倒序序列"],"answer":[1]},{"id":"quiz3-3-q4","type":"truefalse","question":"图的深度优先搜索使用栈来实现","options":["正确","错误"],"answer":[0]}]',
1, '2024-02-09 10:00:00', '2024-02-09 10:00:00'),

-- 课程4: React 前端开发
('quiz4-1', 4, 'React 基础概念',
'[{"id":"quiz4-1-q1","type":"single","question":"React中用于创建组件的函数是什么？","options":["createComponent","React.createElement","JSX","render"],"answer":[1]},{"id":"quiz4-1-q2","type":"truefalse","question":"React组件名称必须以大写字母开头","options":["正确","错误"],"answer":[0]},{"id":"quiz4-1-q3","type":"multiple","question":"React的核心概念包括哪些？","options":["组件","状态","属性","生命周期"],"answer":[0,1,2,3]},{"id":"quiz4-1-q4","type":"single","question":"React中用于更新组件状态的Hook是什么？","options":["useState","useEffect","useContext","useReducer"],"answer":[0]}]',
1, '2024-02-11 09:00:00', '2024-02-11 09:00:00'),
('quiz4-2', 4, 'React Hooks 与状态管理',
'[{"id":"quiz4-2-q1","type":"single","question":"useEffect Hook在什么时候执行？","options":["组件挂载时","组件更新时","组件卸载时","以上都是"],"answer":[3]},{"id":"quiz4-2-q2","type":"multiple","question":"React Hooks的规则包括哪些？","options":["只能在函数组件中使用","只能在顶层调用","可以在条件语句中使用","可以嵌套调用"],"answer":[0,1]},{"id":"quiz4-2-q3","type":"truefalse","question":"useState可以返回多个状态值","options":["正确","错误"],"answer":[0]}]',
1, '2024-02-12 14:00:00', '2024-02-12 14:00:00'),
('quiz4-3', 4, 'React 路由与性能优化',
'[{"id":"quiz4-3-q1","type":"single","question":"React Router中用于声明路由的组件是什么？","options":["Route","Router","Link","Switch"],"answer":[0]},{"id":"quiz4-3-q2","type":"multiple","question":"React性能优化的方法包括哪些？","options":["React.memo","useMemo","useCallback","代码分割"],"answer":[0,1,2,3]},{"id":"quiz4-3-q3","type":"truefalse","question":"React.memo可以用于函数组件和类组件","options":["正确","错误"],"answer":[1]},{"id":"quiz4-3-q4","type":"single","question":"useMemo主要用于优化什么？","options":["函数","计算值","副作用","状态"],"answer":[1]}]',
1, '2024-02-14 10:00:00', '2024-02-14 10:00:00'),

-- 课程5: 数据库设计与优化
('quiz5', 5, 'SQL 基础语法',
'[{"id":"quiz5-q1","type":"single","question":"SQL中用于查询的关键字是什么？","options":["SELECT","FROM","WHERE","JOIN"],"answer":[0]},{"id":"quiz5-q2","type":"multiple","question":"以下哪些是SQL事务的ACID特性？","options":["原子性","一致性","隔离性","持久性"],"answer":[0,1,2,3]},{"id":"quiz5-q3","type":"truefalse","question":"主键约束可以包含NULL值","options":["正确","错误"],"answer":[1]},{"id":"quiz5-q4","type":"single","question":"SQL中哪个关键字用于删除表中的数据？","options":["DELETE","DROP","TRUNCATE","REMOVE"],"answer":[0]}]',
1, '2024-02-18 09:00:00', '2024-02-18 09:00:00'),
('quiz5-2', 5, '数据库索引与优化',
'[{"id":"quiz5-2-q1","type":"single","question":"数据库索引的主要作用是什么？","options":["加快查询速度","减少存储空间","提高数据完整性","简化SQL语句"],"answer":[0]},{"id":"quiz5-2-q2","type":"multiple","question":"以下哪些情况适合创建索引？","options":["经常用于WHERE子句的列","经常用于JOIN的列","经常更新的列","小表中的所有列"],"answer":[0,1]},{"id":"quiz5-2-q3","type":"truefalse","question":"索引越多，查询性能越好","options":["正确","错误"],"answer":[1]},{"id":"quiz5-2-q4","type":"single","question":"B+树索引最适用于什么类型的查询？","options":["等值查询","范围查询","模糊查询","全表扫描"],"answer":[1]}]',
1, '2024-02-19 10:00:00', '2024-02-19 10:00:00'),
('quiz5-3', 5, '数据库设计范式',
'[{"id":"quiz5-3-q1","type":"single","question":"第一范式（1NF）要求什么？","options":["属性不可再分","非主属性完全依赖于主键","消除传递依赖","消除冗余"],"answer":[0]},{"id":"quiz5-3-q2","type":"multiple","question":"数据库设计的目标包括哪些？","options":["减少数据冗余","提高数据完整性","提高查询性能","简化表结构"],"answer":[0,1,2,3]},{"id":"quiz5-3-q3","type":"truefalse","question":"第三范式要求消除传递依赖","options":["正确","错误"],"answer":[0]},{"id":"quiz5-3-q4","type":"single","question":"ER图中，矩形表示什么？","options":["实体","属性","关系","约束"],"answer":[0]}]',
1, '2024-02-21 10:00:00', '2024-02-21 10:00:00'),

-- 课程6: 操作系统原理
('quiz6', 6, '进程与线程管理',
'[{"id":"quiz6-q1","type":"single","question":"进程和线程的主要区别是什么？","options":["进程是资源分配单位，线程是CPU调度单位","进程是CPU调度单位，线程是资源分配单位","没有区别","进程比线程更轻量"],"answer":[0]},{"id":"quiz6-q2","type":"multiple","question":"死锁产生的必要条件包括哪些？","options":["互斥条件","请求与保持","不可剥夺","循环等待"],"answer":[0,1,2,3]},{"id":"quiz6-q3","type":"truefalse","question":"虚拟内存技术允许程序使用超过物理内存大小的地址空间","options":["正确","错误"],"answer":[0]},{"id":"quiz6-q4","type":"single","question":"页面置换算法中，哪个算法会产生Belady异常？","options":["FIFO","LRU","OPT","CLOCK"],"answer":[0]}]',
1, '2024-02-23 10:00:00', '2024-02-23 10:00:00'),
('quiz6-2', 6, '内存管理与文件系统',
'[{"id":"quiz6-2-q1","type":"single","question":"分页存储管理的主要优点是什么？","options":["实现简单","内存利用率高","支持虚拟内存","以上都是"],"answer":[3]},{"id":"quiz6-2-q2","type":"multiple","question":"文件系统的功能包括哪些？","options":["文件存储","文件访问","文件保护","文件共享"],"answer":[0,1,2,3]},{"id":"quiz6-2-q3","type":"truefalse","question":"FAT32文件系统支持大于4GB的单个文件","options":["正确","错误"],"answer":[1]}]',
1, '2024-02-24 14:00:00', '2024-02-24 14:00:00'),
('quiz6-3', 6, '进程调度与同步',
'[{"id":"quiz6-3-q1","type":"single","question":"先来先服务（FCFS）调度算法的特点是什么？","options":["简单但可能导致饥饿","可能导致长作业等待","总是最优","公平但不高效"],"answer":[1]},{"id":"quiz6-3-q2","type":"multiple","question":"进程调度算法包括哪些？","options":["FCFS","SJF","优先级调度","时间片轮转"],"answer":[0,1,2,3]},{"id":"quiz6-3-q3","type":"single","question":"信号量机制用于解决什么问题？","options":["进程调度","进程同步","内存管理","文件管理"],"answer":[1]},{"id":"quiz6-3-q4","type":"truefalse","question":"P操作和V操作是原子操作","options":["正确","错误"],"answer":[0]}]',
1, '2024-02-26 10:00:00', '2024-02-26 10:00:00'),

-- 课程7: 计算机网络
('quiz7', 7, 'TCP/IP 协议栈',
'[{"id":"quiz7-q1","type":"single","question":"TCP协议的特点是什么？","options":["无连接、不可靠","面向连接、可靠","无连接、可靠","面向连接、不可靠"],"answer":[1]},{"id":"quiz7-q2","type":"multiple","question":"以下哪些是应用层协议？","options":["HTTP","TCP","FTP","SMTP"],"answer":[0,2,3]},{"id":"quiz7-q3","type":"truefalse","question":"UDP协议提供可靠的数据传输","options":["正确","错误"],"answer":[1]},{"id":"quiz7-q4","type":"single","question":"HTTP协议默认使用的端口号是多少？","options":["80","443","8080","21"],"answer":[0]},{"id":"quiz7-q5","type":"single","question":"IP地址192.168.1.1属于哪个地址类别？","options":["A类","B类","C类","D类"],"answer":[2]}]',
1, '2024-02-28 14:00:00', '2024-02-28 14:00:00'),
('quiz7-2', 7, 'HTTP 与网络安全',
'[{"id":"quiz7-2-q1","type":"single","question":"HTTPS协议使用的默认端口是多少？","options":["80","443","8080","8443"],"answer":[1]},{"id":"quiz7-2-q2","type":"multiple","question":"HTTP状态码4xx表示什么？","options":["成功","重定向","客户端错误","服务器错误"],"answer":[2]},{"id":"quiz7-2-q3","type":"truefalse","question":"HTTPS = HTTP + SSL/TLS","options":["正确","错误"],"answer":[0]},{"id":"quiz7-2-q4","type":"single","question":"三次握手的目的是什么？","options":["建立连接","断开连接","数据传输","错误恢复"],"answer":[0]}]',
1, '2024-02-29 10:00:00', '2024-02-29 10:00:00'),
('quiz7-3', 7, '网络层与路由',
'[{"id":"quiz7-3-q1","type":"single","question":"IP协议位于OSI模型的哪一层？","options":["网络层","传输层","数据链路层","应用层"],"answer":[0]},{"id":"quiz7-3-q2","type":"multiple","question":"路由协议包括哪些？","options":["RIP","OSPF","BGP","ARP"],"answer":[0,1,2]},{"id":"quiz7-3-q3","type":"single","question":"子网掩码的作用是什么？","options":["标识网络地址","标识主机地址","区分网络和主机","以上都是"],"answer":[3]},{"id":"quiz7-3-q4","type":"truefalse","question":"NAT技术用于解决IPv4地址不足的问题","options":["正确","错误"],"answer":[0]}]',
1, '2024-03-02 10:00:00', '2024-03-02 10:00:00'),

-- 课程8: 计算机组成原理
('quiz8', 8, 'CPU 与指令系统',
'[{"id":"quiz8-q1","type":"single","question":"CPU的三级缓存中，哪个缓存速度最快？","options":["L1缓存","L2缓存","L3缓存","主存"],"answer":[0]},{"id":"quiz8-q2","type":"truefalse","question":"多核CPU需要维护缓存一致性","options":["正确","错误"],"answer":[0]},{"id":"quiz8-q3","type":"multiple","question":"以下哪些是CPU的组成部分？","options":["ALU（算术逻辑单元）","控制单元","寄存器","缓存"],"answer":[0,1,2,3]},{"id":"quiz8-q4","type":"single","question":"指令周期包括哪些阶段？","options":["取指、译码、执行","取指、执行、写回","取指、译码、执行、写回","译码、执行、写回"],"answer":[2]}]',
1, '2024-03-03 09:00:00', '2024-03-03 09:00:00'),
('quiz8-2', 8, '存储系统与总线',
'[{"id":"quiz8-2-q1","type":"single","question":"RAM和ROM的主要区别是什么？","options":["RAM可读写，ROM只读","RAM只读，ROM可读写","没有区别","RAM速度更快"],"answer":[0]},{"id":"quiz8-2-q2","type":"multiple","question":"存储器的层次结构包括哪些？","options":["寄存器","缓存","主存","外存"],"answer":[0,1,2,3]},{"id":"quiz8-2-q3","type":"truefalse","question":"总线是计算机各部件之间传输信息的公共通道","options":["正确","错误"],"answer":[0]}]',
1, '2024-03-04 14:00:00', '2024-03-04 14:00:00'),
('quiz8-3', 8, '输入输出系统',
'[{"id":"quiz8-3-q1","type":"single","question":"I/O控制方式中，哪种方式CPU利用率最低？","options":["程序查询方式","中断方式","DMA方式","通道方式"],"answer":[0]},{"id":"quiz8-3-q2","type":"multiple","question":"I/O接口的功能包括哪些？","options":["数据缓冲","设备选择","信号转换","状态报告"],"answer":[0,1,2,3]},{"id":"quiz8-3-q3","type":"truefalse","question":"DMA方式下，数据传输不需要CPU参与","options":["正确","错误"],"answer":[0]},{"id":"quiz8-3-q4","type":"single","question":"中断处理过程中，首先需要做什么？","options":["保存现场","执行中断服务程序","恢复现场","返回原程序"],"answer":[0]}]',
1, '2024-03-05 10:00:00', '2024-03-05 10:00:00');

-- 注意：Question实体会在应用启动时通过QuizService自动创建
-- 以下数据假设Question已经存在（通过Quiz自动创建）
-- 如果Question不存在，这些WrongQuestion数据将无法插入
-- 建议：先启动应用创建Quiz，然后手动添加WrongQuestion数据，或者通过API添加

-- 插入示例错题（需要确保对应的Question实体已存在）
-- 这些数据仅作为示例，实际使用时需要通过API动态添加
-- INSERT INTO wrong_question (user_id, course_id, question_id, quiz_id, user_answer, mastered, added_at, last_practiced_at, practice_count) VALUES
-- (2, 1, 1, 'quiz1', '[0]', false, '2024-01-19 10:00:00', '2024-01-19 10:00:00', 1),
-- (2, 1, 2, 'quiz1', '[1]', false, '2024-01-19 10:00:00', NULL, 0),
-- (3, 3, 5, 'quiz3', '[0,1]', false, '2024-02-07 11:00:00', '2024-02-07 11:30:00', 2);

-- 插入示例帖子
INSERT INTO post (id, course_id, author_id, title, content, created_at, updated_at) VALUES
(1, 1, 2, 'Java中如何理解多态？', '最近在学习Java的面向对象编程，对多态这个概念有些困惑。\n\n多态是指同一个接口可以有不同的实现方式，但我还是不太理解在实际编程中如何应用。\n\n有没有同学能分享一下具体的例子？', '2024-01-19 10:30:00', '2024-01-19 10:30:00'),
(2, 1, 3, 'Java异常处理的最佳实践', '想和大家讨论一下Java异常处理的最佳实践。\n\n1. 什么时候应该抛出异常？\n2. 什么时候应该捕获异常？\n3. 如何设计自定义异常？\n\n欢迎大家分享经验！', '2024-01-20 14:20:00', '2024-01-20 14:20:00'),
(3, 2, 2, 'Spring Boot自动配置原理', 'Spring Boot的自动配置功能很强大，但我想深入了解它的工作原理。\n\n有谁能解释一下@EnableAutoConfiguration注解是如何工作的？以及Spring Boot是如何根据classpath中的jar包自动配置Bean的？', '2024-01-23 09:15:00', '2024-01-23 09:15:00'),
(4, 3, 2, '快速排序和归并排序哪个更好？', '在学习排序算法时，发现快速排序和归并排序的时间复杂度都是O(nlogn)，但实际应用中应该选择哪一个？\n\n它们各自的优缺点是什么？在什么场景下应该使用哪个？', '2024-02-07 11:00:00', '2024-02-07 11:00:00'),
(5, 3, 3, '动态规划问题求解思路', '动态规划一直是我比较薄弱的部分，想请教一下大家：\n\n1. 如何识别一个问题可以用动态规划解决？\n2. 动态规划的状态转移方程如何设计？\n3. 有没有推荐的练习题？', '2024-02-08 15:30:00', '2024-02-08 15:30:00'),
(6, 5, 2, '数据库索引优化问题', '最近在优化数据库查询性能，遇到了一些关于索引的问题：\n\n1. 什么时候应该创建索引？\n2. 复合索引的顺序如何影响查询性能？\n3. 索引是不是越多越好？', '2024-02-19 10:00:00', '2024-02-19 10:00:00'),
(7, 6, 2, '进程和线程的区别', '操作系统中的进程和线程有什么区别？\n\n我理解进程是资源分配的单位，线程是CPU调度的单位，但具体在实际应用中，什么时候应该使用多进程，什么时候应该使用多线程？', '2024-02-24 09:00:00', '2024-02-24 09:00:00'),
(8, 7, 3, 'TCP三次握手和四次挥手', '在学习TCP协议时，对三次握手和四次挥手的过程有些疑惑。\n\n为什么需要三次握手而不是两次？为什么需要四次挥手而不是三次？\n\n希望有同学能详细解释一下。', '2024-02-29 14:00:00', '2024-02-29 14:00:00'),
(9, 7, 2, 'HTTP和HTTPS的区别', 'HTTP和HTTPS的主要区别是什么？\n\nHTTPS是如何保证数据安全的？SSL/TLS协议的工作原理是什么？\n\n在实际开发中，什么时候必须使用HTTPS？', '2024-03-01 10:30:00', '2024-03-01 10:30:00'),
(10, 8, 2, 'CPU缓存一致性协议', '多核CPU如何保证缓存一致性？\n\nMESI协议是如何工作的？在什么情况下会发生缓存失效？\n\n这个问题对理解多线程编程很重要，希望大家能讨论一下。', '2024-03-04 11:00:00', '2024-03-04 11:00:00');

-- 插入示例评论
INSERT INTO comment (id, post_id, author_id, content, parent_id, created_at, updated_at) VALUES
(1, 1, 3, '多态的一个经典例子是：Animal animal = new Dog(); animal.makeSound(); 这里animal变量可以指向不同的子类对象，调用时会执行对应子类的方法。', NULL, '2024-01-19 11:00:00', '2024-01-19 11:00:00'),
(2, 1, 2, '谢谢！这个例子很清晰。那如果我想调用Dog特有的方法，应该怎么做？', NULL, '2024-01-19 11:30:00', '2024-01-19 11:30:00'),
(3, 1, 3, '可以使用类型转换：Dog dog = (Dog) animal; 或者使用instanceof检查后再转换。', 2, '2024-01-19 12:00:00', '2024-01-19 12:00:00'),
(4, 2, 3, '异常处理的原则：\n1. 能处理的异常就捕获处理\n2. 不能处理的异常就向上抛出\n3. 不要捕获异常后什么都不做\n4. 使用具体的异常类型，而不是通用的Exception', NULL, '2024-01-20 15:00:00', '2024-01-20 15:00:00'),
(5, 3, 3, 'Spring Boot的自动配置是通过@EnableAutoConfiguration注解实现的，它会扫描classpath下的META-INF/spring.factories文件，加载自动配置类。', NULL, '2024-01-23 10:00:00', '2024-01-23 10:00:00'),
(6, 4, 2, '快速排序平均情况下性能更好，但最坏情况是O(n²)。归并排序最坏情况也是O(nlogn)，但需要额外的O(n)空间。', NULL, '2024-02-07 12:00:00', '2024-02-07 12:00:00'),
(7, 4, 3, '补充一下：快速排序是原地排序，空间复杂度O(logn)。归并排序是稳定的，快速排序不稳定。', 6, '2024-02-07 12:30:00', '2024-02-07 12:30:00'),
(8, 5, 2, '动态规划的关键是找到最优子结构和重叠子问题。推荐练习：斐波那契数列、背包问题、最长公共子序列等。', NULL, '2024-02-08 16:00:00', '2024-02-08 16:00:00'),
(9, 6, 3, '索引不是越多越好！过多的索引会影响写入性能，因为每次INSERT/UPDATE/DELETE都需要维护索引。', NULL, '2024-02-19 11:00:00', '2024-02-19 11:00:00'),
(10, 7, 3, '多进程适合需要隔离的场景，多线程适合需要共享数据的场景。Python由于GIL的存在，多线程对CPU密集型任务效果不好。', NULL, '2024-02-24 10:00:00', '2024-02-24 10:00:00'),
(11, 8, 2, '三次握手是为了确认双方的发送和接收能力都正常。两次握手无法确认服务端的接收能力。', NULL, '2024-02-29 15:00:00', '2024-02-29 15:00:00'),
(12, 8, 3, '四次挥手是因为TCP是全双工的，需要分别关闭两个方向的连接。客户端发送FIN后，服务端可能还有数据要发送，所以先回复ACK，等数据发送完再发送FIN。', 11, '2024-02-29 15:30:00', '2024-02-29 15:30:00'),
(13, 9, 3, 'HTTPS = HTTP + SSL/TLS。SSL/TLS通过加密和证书验证来保证数据安全。现在大部分网站都应该使用HTTPS。', NULL, '2024-03-01 11:00:00', '2024-03-01 11:00:00'),
(14, 10, 3, 'MESI协议有四种状态：Modified（已修改）、Exclusive（独占）、Shared（共享）、Invalid（无效）。当某个核心修改了缓存中的数据时，其他核心的缓存会被标记为Invalid。', NULL, '2024-03-04 12:00:00', '2024-03-04 12:00:00');

-- 插入更多社区帖子（使用新添加的用户）
INSERT INTO post (id, course_id, author_id, title, content, created_at, updated_at) VALUES
(11, 1, 4, 'Java集合框架的选择', '在开发中经常需要选择不同的集合类，比如ArrayList、LinkedList、HashMap等。\n\n想请教一下大家，在什么场景下应该选择哪种集合？有没有一些选择的原则？', '2024-03-05 09:00:00', '2024-03-05 09:00:00'),
(12, 2, 2, 'Spring Boot中的依赖注入', '刚开始学习Spring Boot，对依赖注入的概念还不太理解。\n\n@Autowired注解是如何工作的？什么时候应该使用构造函数注入，什么时候使用字段注入？', '2024-03-06 10:30:00', '2024-03-06 10:30:00'),
(13, 3, 3, '二分查找的实现细节', '在实现二分查找时，总是容易出错，特别是边界条件的处理。\n\n想问问大家，二分查找的left和right边界应该如何处理？mid的计算方式有什么讲究？', '2024-03-07 14:00:00', '2024-03-07 14:00:00'),
(14, 4, 4, 'React组件通信方式', '在React中，父子组件、兄弟组件之间的通信有哪些方式？\n\nProps、Context、Redux等，它们各自的适用场景是什么？', '2024-03-08 11:00:00', '2024-03-08 11:00:00'),
(15, 5, 4, '数据库事务隔离级别', '数据库的四种隔离级别：READ UNCOMMITTED、READ COMMITTED、REPEATABLE READ、SERIALIZABLE。\n\n它们分别解决了什么问题？在实际项目中应该如何选择？', '2024-03-09 15:30:00', '2024-03-09 15:30:00'),
(16, 6, 2, '虚拟内存的作用', '虚拟内存是操作系统中的重要概念，但我不太理解它的具体作用。\n\n虚拟内存是如何实现的？它解决了什么问题？', '2024-03-10 09:30:00', '2024-03-10 09:30:00'),
(17, 7, 3, 'HTTP/2相比HTTP/1.1的改进', 'HTTP/2相比HTTP/1.1有哪些主要改进？\n\n多路复用、头部压缩、服务器推送等特性是如何提升性能的？', '2024-03-11 13:00:00', '2024-03-11 13:00:00'),
(18, 8, 4, 'CPU流水线技术', 'CPU流水线技术是如何提高处理效率的？\n\n流水线中的冒险（hazard）有哪些类型？如何解决这些冒险？', '2024-03-12 10:00:00', '2024-03-12 10:00:00'),
-- 为每门课程添加更多帖子
(19, 1, 5, 'Java反射机制的应用', 'Java反射机制在实际开发中有哪些应用场景？\n\n反射的性能开销大吗？什么时候应该使用反射？', '2024-03-13 09:00:00', '2024-03-13 09:00:00'),
(20, 1, 6, 'Java泛型的使用技巧', 'Java泛型的类型擦除机制是如何工作的？\n\n在什么情况下需要使用通配符？extends和super有什么区别？', '2024-03-14 10:00:00', '2024-03-14 10:00:00'),
(21, 2, 5, 'Spring Boot中的事务管理', 'Spring Boot中如何使用@Transactional注解？\n\n事务的传播行为和隔离级别如何选择？', '2024-03-15 11:00:00', '2024-03-15 11:00:00'),
(22, 2, 6, 'Spring Boot集成Redis', '如何在Spring Boot项目中集成Redis？\n\nRedis缓存和本地缓存的区别是什么？', '2024-03-16 14:00:00', '2024-03-16 14:00:00'),
(23, 3, 5, '动态规划解题思路', '如何识别一个问题可以用动态规划解决？\n\n动态规划和贪心算法的区别是什么？', '2024-03-17 09:00:00', '2024-03-17 09:00:00'),
(24, 3, 6, '图的算法应用', '图的深度优先搜索和广度优先搜索分别适用于什么场景？\n\n最短路径算法有哪些？Dijkstra和Floyd的区别？', '2024-03-18 10:00:00', '2024-03-18 10:00:00'),
(25, 4, 5, 'React状态管理方案', '什么时候需要使用Redux？\n\nContext API和Redux如何选择？还有其他状态管理方案吗？', '2024-03-19 11:00:00', '2024-03-19 11:00:00'),
(26, 4, 6, 'React性能优化实践', 'React项目中如何识别性能瓶颈？\n\n有哪些实用的性能优化技巧？', '2024-03-20 14:00:00', '2024-03-20 14:00:00'),
(27, 5, 5, '数据库设计原则', '数据库设计时如何平衡规范化和性能？\n\n什么时候应该反规范化？', '2024-03-21 09:00:00', '2024-03-21 09:00:00'),
(28, 5, 6, 'SQL性能调优经验', '实际项目中如何调优SQL查询性能？\n\nEXPLAIN计划如何分析？', '2024-03-22 10:00:00', '2024-03-22 10:00:00'),
(29, 6, 5, '进程同步机制', '信号量和互斥量的区别是什么？\n\n如何避免死锁和活锁？', '2024-03-23 11:00:00', '2024-03-23 11:00:00'),
(30, 6, 6, '文件系统实现', '文件系统是如何组织文件的？\n\nFAT、NTFS、ext4等文件系统有什么区别？', '2024-03-24 14:00:00', '2024-03-24 14:00:00'),
(31, 7, 5, '网络协议栈详解', 'OSI七层模型和TCP/IP四层模型的对应关系是什么？\n\n每层的功能和作用是什么？', '2024-03-25 09:00:00', '2024-03-25 09:00:00'),
(32, 7, 6, '网络安全防护', '常见的网络攻击方式有哪些？\n\n如何防范XSS、CSRF、SQL注入等攻击？', '2024-03-26 10:00:00', '2024-03-26 10:00:00'),
(33, 8, 5, '指令系统设计', 'RISC和CISC架构的区别是什么？\n\n现代CPU是如何提高指令执行效率的？', '2024-03-27 11:00:00', '2024-03-27 11:00:00'),
(34, 8, 6, '多核CPU架构', '多核CPU如何实现并行计算？\n\n缓存一致性协议是如何工作的？', '2024-03-28 14:00:00', '2024-03-28 14:00:00');

-- 插入更多社区评论（使用新添加的用户）
INSERT INTO comment (id, post_id, author_id, content, parent_id, created_at, updated_at) VALUES
(15, 11, 2, 'ArrayList适合随机访问，LinkedList适合频繁插入删除。HashMap适合键值对存储，需要快速查找的场景。', NULL, '2024-03-05 10:00:00', '2024-03-05 10:00:00'),
(16, 11, 3, '补充：HashSet适合去重，TreeSet适合需要有序的场景。选择集合时主要考虑：是否需要有序、是否需要去重、访问模式等。', NULL, '2024-03-05 10:30:00', '2024-03-05 10:30:00'),
(17, 11, 4, '还要注意线程安全，如果多线程环境，可以使用ConcurrentHashMap、CopyOnWriteArrayList等。', 15, '2024-03-05 11:00:00', '2024-03-05 11:00:00'),
(18, 12, 4, '依赖注入的核心思想是控制反转（IoC）。@Autowired会从Spring容器中查找匹配的Bean并注入。', NULL, '2024-03-06 11:00:00', '2024-03-06 11:00:00'),
(19, 12, 3, '推荐使用构造函数注入，因为：1. 强制依赖，避免空指针；2. 便于测试；3. 不可变对象。字段注入不推荐，因为难以测试。', NULL, '2024-03-06 11:30:00', '2024-03-06 11:30:00'),
(20, 12, 4, 'Spring官方也推荐构造函数注入，这是最佳实践。', 19, '2024-03-06 12:00:00', '2024-03-06 12:00:00'),
(21, 13, 4, '二分查找的关键是保持循环不变式：搜索区间[left, right]始终包含目标元素（如果存在）。', NULL, '2024-03-07 15:00:00', '2024-03-07 15:00:00'),
(22, 13, 2, 'mid的计算：mid = left + (right - left) / 2 可以避免溢出。边界处理：left = mid + 1 和 right = mid - 1 要一致。', NULL, '2024-03-07 15:30:00', '2024-03-07 15:30:00'),
(23, 13, 4, '推荐使用左闭右开区间 [left, right)，这样边界处理更统一，不容易出错。', 22, '2024-03-07 16:00:00', '2024-03-07 16:00:00'),
(24, 14, 4, 'React组件通信方式：\n1. Props：父子组件\n2. Context：跨层级组件\n3. Redux/Zustand：全局状态管理\n4. 事件总线：兄弟组件', NULL, '2024-03-08 12:00:00', '2024-03-08 12:00:00'),
(25, 14, 2, '简单场景用Props，复杂场景用Context或状态管理库。Redux适合大型应用，Zustand更轻量。', NULL, '2024-03-08 12:30:00', '2024-03-08 12:30:00'),
(26, 15, 3, '隔离级别从低到高：\n- READ UNCOMMITTED：可能脏读\n- READ COMMITTED：避免脏读，可能不可重复读\n- REPEATABLE READ：避免不可重复读，可能幻读\n- SERIALIZABLE：最高隔离，避免所有问题', NULL, '2024-03-09 16:00:00', '2024-03-09 16:00:00'),
(27, 15, 4, 'MySQL默认是REPEATABLE READ，PostgreSQL默认是READ COMMITTED。选择时要平衡一致性和性能。', NULL, '2024-03-09 16:30:00', '2024-03-09 16:30:00'),
(28, 16, 4, '虚拟内存将物理内存和磁盘存储结合起来，为每个进程提供独立的地址空间。通过页表实现地址转换。', NULL, '2024-03-10 10:30:00', '2024-03-10 10:30:00'),
(29, 16, 3, '虚拟内存解决了：1. 内存保护；2. 内存共享；3. 更大的地址空间；4. 简化内存管理。', NULL, '2024-03-10 11:00:00', '2024-03-10 11:00:00'),
(30, 17, 4, 'HTTP/2的主要改进：\n1. 多路复用：一个连接处理多个请求\n2. 头部压缩：HPACK算法\n3. 服务器推送：主动推送资源\n4. 二进制分帧：提高解析效率', NULL, '2024-03-11 14:00:00', '2024-03-11 14:00:00'),
(31, 17, 2, 'HTTP/2解决了HTTP/1.1的队头阻塞问题，大幅提升了性能，特别是在高延迟网络环境下。', NULL, '2024-03-11 14:30:00', '2024-03-11 14:30:00'),
(32, 18, 4, 'CPU流水线将指令执行分为多个阶段（取指、译码、执行、访存、写回），多个指令可以同时在不同阶段执行。', NULL, '2024-03-12 11:00:00', '2024-03-12 11:00:00'),
(33, 18, 2, '流水线冒险包括：\n1. 数据冒险：数据依赖\n2. 控制冒险：分支跳转\n3. 结构冒险：资源冲突\n\n解决方法：数据前推、分支预测、延迟槽等。', NULL, '2024-03-12 11:30:00', '2024-03-12 11:30:00'),
(34, 18, 3, '现代CPU还使用乱序执行、超标量等技术进一步提升性能。', 33, '2024-03-12 12:00:00', '2024-03-12 12:00:00'),
-- 为新增帖子添加评论
(35, 19, 6, '反射的主要应用场景：\n1. 框架开发（Spring、MyBatis）\n2. 注解处理\n3. 动态代理\n4. 工具类库\n\n反射性能确实有开销，但现代JVM已经做了很多优化。在框架层面使用反射是可以接受的。', NULL, '2024-03-13 10:00:00', '2024-03-13 10:00:00'),
(36, 19, 7, '补充：反射的性能开销主要体现在方法调用上，可以使用MethodHandle或者缓存Method对象来优化。', 35, '2024-03-13 10:30:00', '2024-03-13 10:30:00'),
(37, 20, 7, 'Java泛型在编译时进行类型擦除，运行时类型信息会丢失。这是为了兼容Java 5之前的代码。\n\nextends用于上界，表示"生产者"；super用于下界，表示"消费者"。记住PECS原则：Producer Extends, Consumer Super。', NULL, '2024-03-14 11:00:00', '2024-03-14 11:00:00'),
(38, 21, 6, '@Transactional注解可以应用在类或方法上。默认传播行为是REQUIRED，隔离级别是数据库默认级别。\n\n选择传播行为时：REQUIRED适合大多数场景，REQUIRES_NEW用于需要独立事务的场景。', NULL, '2024-03-15 12:00:00', '2024-03-15 12:00:00'),
(39, 22, 7, 'Spring Boot集成Redis：\n1. 添加spring-boot-starter-data-redis依赖\n2. 配置Redis连接信息\n3. 使用RedisTemplate或StringRedisTemplate\n\nRedis适合分布式缓存，本地缓存（如Caffeine）适合单机应用。', NULL, '2024-03-16 15:00:00', '2024-03-16 15:00:00'),
(40, 23, 6, '动态规划问题的特征：\n1. 最优子结构\n2. 重叠子问题\n\n动态规划需要保存子问题的解，贪心算法每步都做最优选择但不保存历史信息。动态规划是全局最优，贪心是局部最优。', NULL, '2024-03-17 10:00:00', '2024-03-17 10:00:00'),
(41, 24, 7, 'DFS适合：寻找路径、连通性检测、拓扑排序\nBFS适合：最短路径（无权图）、层序遍历\n\nDijkstra适用于单源最短路径（非负权），Floyd适用于全源最短路径。', NULL, '2024-03-18 11:00:00', '2024-03-18 11:00:00'),
(42, 25, 6, '需要Redux的情况：\n1. 状态需要在多个组件间共享\n2. 状态逻辑复杂\n3. 需要时间旅行调试\n\n简单应用用Context就够了，复杂应用考虑Redux或Zustand。', NULL, '2024-03-19 12:00:00', '2024-03-19 12:00:00'),
(43, 26, 7, '性能优化技巧：\n1. 使用React DevTools Profiler识别问题\n2. 避免不必要的渲染（React.memo）\n3. 使用useMemo和useCallback\n4. 代码分割和懒加载\n5. 虚拟滚动长列表', NULL, '2024-03-20 15:00:00', '2024-03-20 15:00:00'),
(44, 27, 6, '规范化可以减少冗余，但可能增加JOIN操作。反规范化可以提高查询性能，但会增加存储和维护成本。\n\n一般遵循3NF，在性能关键的地方适当反规范化。', NULL, '2024-03-21 10:00:00', '2024-03-21 10:00:00'),
(45, 28, 7, 'SQL调优步骤：\n1. 使用EXPLAIN分析执行计划\n2. 检查是否使用了索引\n3. 优化WHERE条件\n4. 避免全表扫描\n5. 考虑查询重写\n\nEXPLAIN可以查看key、rows、Extra等字段判断性能。', NULL, '2024-03-22 11:00:00', '2024-03-22 11:00:00'),
(46, 29, 6, '信号量可以有多个值，用于控制资源数量；互斥量只有0和1，用于互斥访问。\n\n避免死锁：按顺序获取锁、使用超时、死锁检测\n避免活锁：引入随机延迟、优先级机制', NULL, '2024-03-23 12:00:00', '2024-03-23 12:00:00'),
(47, 30, 7, '文件系统通过inode（索引节点）组织文件。FAT简单但效率低，NTFS支持权限和日志，ext4是Linux常用文件系统，支持更大的文件和目录。', NULL, '2024-03-24 15:00:00', '2024-03-24 15:00:00'),
(48, 31, 6, 'OSI七层模型：物理层、数据链路层、网络层、传输层、会话层、表示层、应用层\nTCP/IP四层模型：网络接口层、网络层、传输层、应用层\n\nTCP/IP的应用层对应OSI的会话层、表示层、应用层。', NULL, '2024-03-25 10:00:00', '2024-03-25 10:00:00'),
(49, 32, 7, '常见攻击：XSS（跨站脚本）、CSRF（跨站请求伪造）、SQL注入、DDoS等\n\n防护措施：\n- XSS：输入验证、输出编码、CSP\n- CSRF：CSRF Token、SameSite Cookie\n- SQL注入：参数化查询、ORM', NULL, '2024-03-26 11:00:00', '2024-03-26 11:00:00'),
(50, 33, 6, 'RISC指令简单固定，CISC指令复杂可变。现代CPU多为RISC架构（如ARM）或RISC-like（如x86-64通过微架构实现）。\n\n提高效率的方法：流水线、超标量、乱序执行、分支预测等。', NULL, '2024-03-27 12:00:00', '2024-03-27 12:00:00'),
(51, 34, 7, '多核CPU通过共享内存实现并行计算。每个核心有独立的L1、L2缓存，共享L3缓存。\n\n缓存一致性协议（如MESI）确保多核看到一致的内存视图。当某个核心修改缓存时，其他核心的缓存会被标记为无效。', NULL, '2024-03-28 15:00:00', '2024-03-28 15:00:00');

-- 插入复习计划数据
-- 为每个用户（2-8）添加一些复习计划和考试安排
-- 字段：id, user_id, plan_date, title, description, type, completed, created_at, updated_at
INSERT INTO review_plan (id, user_id, plan_date, title, description, type, completed, created_at, updated_at) VALUES
-- 用户2（胡久鸣）的复习计划
(1, 2, '2024-12-25', '复习Java基础语法', '回顾变量、数据类型、控制结构等基础知识', 'plan', false, '2024-12-20 10:00:00', '2024-12-20 10:00:00'),
(2, 2, '2024-12-28', '完成Java面向对象练习', '练习封装、继承、多态相关题目', 'plan', false, '2024-12-20 10:00:00', '2024-12-20 10:00:00'),
(3, 2, '2025-01-05', 'Java期末考试', 'Java编程基础课程期末考试', 'exam', false, '2024-12-20 10:00:00', '2024-12-20 10:00:00'),
(4, 2, '2025-01-10', '复习Spring Boot配置', '回顾自动配置原理和常用配置项', 'plan', false, '2024-12-20 10:00:00', '2024-12-20 10:00:00'),

-- 用户3（蔡烨培）的复习计划
(5, 3, '2024-12-26', '复习数据结构与算法', '回顾栈、队列、链表等线性数据结构', 'plan', false, '2024-12-20 11:00:00', '2024-12-20 11:00:00'),
(6, 3, '2024-12-30', '练习排序算法', '完成快速排序和归并排序的练习题', 'plan', false, '2024-12-20 11:00:00', '2024-12-20 11:00:00'),
(7, 3, '2025-01-08', '算法期中考试', '数据结构与算法课程期中考试', 'exam', false, '2024-12-20 11:00:00', '2024-12-20 11:00:00'),
(8, 3, '2025-01-15', '复习动态规划', '学习动态规划的基本思路和经典题目', 'plan', false, '2024-12-20 11:00:00', '2024-12-20 11:00:00'),

-- 用户4（吴迪）的复习计划
(9, 4, '2024-12-24', '复习React基础', '回顾组件、状态、属性等核心概念', 'plan', false, '2024-12-20 12:00:00', '2024-12-20 12:00:00'),
(10, 4, '2024-12-27', '练习React Hooks', '完成useState和useEffect的实践项目', 'plan', false, '2024-12-20 12:00:00', '2024-12-20 12:00:00'),
(11, 4, '2025-01-03', 'React项目答辩', '前端开发课程项目答辩', 'exam', false, '2024-12-20 12:00:00', '2024-12-20 12:00:00'),
(12, 4, '2025-01-12', '复习状态管理', '学习Redux和Context的使用方法', 'plan', false, '2024-12-20 12:00:00', '2024-12-20 12:00:00'),

-- 用户5（居远谋）的复习计划
(13, 5, '2024-12-25', '复习数据库设计', '回顾ER图、范式、索引等概念', 'plan', false, '2024-12-20 13:00:00', '2024-12-20 13:00:00'),
(14, 5, '2024-12-29', '练习SQL查询', '完成复杂查询和事务处理的练习题', 'plan', false, '2024-12-20 13:00:00', '2024-12-20 13:00:00'),
(15, 5, '2025-01-06', '数据库期末考试', '数据库设计与优化课程期末考试', 'exam', false, '2024-12-20 13:00:00', '2024-12-20 13:00:00'),
(16, 5, '2025-01-13', '复习性能优化', '学习数据库索引优化和查询优化技巧', 'plan', false, '2024-12-20 13:00:00', '2024-12-20 13:00:00'),

-- 用户6（钟定博）的复习计划
(17, 6, '2024-12-26', '复习操作系统原理', '回顾进程、线程、内存管理等核心概念', 'plan', false, '2024-12-20 14:00:00', '2024-12-20 14:00:00'),
(18, 6, '2024-12-31', '练习进程调度算法', '完成FCFS、SJF、优先级调度等算法练习', 'plan', false, '2024-12-20 14:00:00', '2024-12-20 14:00:00'),
(19, 6, '2025-01-07', '操作系统期中考试', '操作系统原理课程期中考试', 'exam', false, '2024-12-20 14:00:00', '2024-12-20 14:00:00'),
(20, 6, '2025-01-14', '复习文件系统', '学习文件系统的组织方式和访问方法', 'plan', false, '2024-12-20 14:00:00', '2024-12-20 14:00:00'),

-- 用户7（杨舒文）的复习计划
(21, 7, '2024-12-27', '复习计算机网络', '回顾TCP/IP协议栈和HTTP协议', 'plan', false, '2024-12-20 15:00:00', '2024-12-20 15:00:00'),
(22, 7, '2025-01-01', '练习网络编程', '完成Socket编程和HTTP请求的实践', 'plan', false, '2024-12-20 15:00:00', '2024-12-20 15:00:00'),
(23, 7, '2025-01-09', '网络期末考试', '计算机网络课程期末考试', 'exam', false, '2024-12-20 15:00:00', '2024-12-20 15:00:00'),
(24, 7, '2025-01-16', '复习网络安全', '学习HTTPS、SSL/TLS等安全协议', 'plan', false, '2024-12-20 15:00:00', '2024-12-20 15:00:00'),

-- 用户8（谢宇成）的复习计划
(25, 8, '2024-12-28', '复习计算机组成原理', '回顾CPU结构、指令系统、存储系统', 'plan', false, '2024-12-20 16:00:00', '2024-12-20 16:00:00'),
(26, 8, '2025-01-02', '练习指令执行', '完成指令周期和流水线的练习题', 'plan', false, '2024-12-20 16:00:00', '2024-12-20 16:00:00'),
(27, 8, '2025-01-11', '组成原理期末考试', '计算机组成原理课程期末考试', 'exam', false, '2024-12-20 16:00:00', '2024-12-20 16:00:00'),
(28, 8, '2025-01-17', '复习缓存系统', '学习多级缓存和缓存一致性协议', 'plan', false, '2024-12-20 16:00:00', '2024-12-20 16:00:00');

